"Timestamp","Name ","Email ","What type of volunteering are you interested in? ","If you want to organise a study group, what is your idea or topic? ","If you want to be a speaker, what could you speak on? ","Do you know a company that could host us? ","Do you know someone who would be a good speaker in Data science? "
"2016/02/20 9:54:35 PM GMT","Maria nazari","maria.a.nazari@gmail.com","Host recruiter","","","",""
"2016/02/21 3:37:33 AM GMT","Masha Rosen","masharosen@yahoo.com","Study group organizer","I would love to study together machine learning. May be combining it with Python or R. I am a beginner, but can teach as I learn. I have done some study groups in the past.","","",""
"2016/02/21 5:28:38 PM GMT","Masha Rosen","masharosen@yahoo.com","Study group organizer","I would love to study together machine learning. May be combining it with Python or R. I am a beginner, but can teach as I learn. I have done some study groups in the past.","","",""
"2016/02/23 4:38:15 AM GMT","Ramya Narayanaswamy","ramya.narayanaswamy@gmail.com","Host recruiter","","","",""
"2016/02/23 4:39:39 AM GMT","Ramya Narayanaswamy","ramya.narayanaswamy@gmail.com","Meetup Logistics: greeting and room set up","I would like to organize a study group n the future.","","",""
"2016/02/25 1:06:57 AM GMT","Jaya","jayavijayen@hotmail.com","Host recruiter","","","",""
"2016/03/04 4:21:53 AM GMT","Judit Lantos","lantosjudit@gmail.com","Host recruiter","","","As I've mentioned to you I've contacted Ericsson but no luck with them (my message was forwarded to their women empowering group but they didn't get back to me). If you still need help with contacting companies I'd be glad to help.",""
"2016/03/14 4:53:40 AM GMT","Adriana Rivera","letsgotravel007-meetup@yahoo.com","Meetup Logistics: greeting and room set up","","","",""
"2016/04/13 4:03:36 PM GMT","Youri Bae","youri.bae@gmail.com","Study group organizer","Machine Learning and Data Visualization","","",""
"2016/11/04 7:56:27 PM GMT","Mansi Modi","mansimodi90@gmail.com","Meetup Logistics: greeting and room set up","","","",""