"Timestamp","Name ","email","Data science topics I want to learn about:","Data science topics I can teach: "
"2017/01/24 10:40:30 PM GMT","Amy","aakalia@gmail.com","meetings, courses","None- I'm new!"
"2017/01/24 10:40:47 PM GMT","Smitha","smitha.narayan@gmail.com","All",""
"2017/01/24 10:41:54 PM GMT","Julia Albath","julia.albath@gmail.com","",""
"2017/01/24 10:43:13 PM GMT","Sharmeen Elahi","shaelahi@gmail.com","",""
"2017/01/24 10:47:24 PM GMT","Eileen G.","pinay@pacbell.net","",""
"2017/01/24 10:47:53 PM GMT","Nava Bromberger","navabromberger@gmail.com","Everything",""
"2017/01/24 10:56:56 PM GMT","Gulshat","gulshatrsh@gmail.com","all",""
"2017/01/24 11:10:12 PM GMT","Irene Onyeneho","irene.onyeneho@gmail.com","Machine Learning / Deep Learning / AI tools and frameworks","Intro to TensorFlow"
"2017/01/24 11:11:45 PM GMT","Aneri","anerivadera62@gmail.com","BigData Hadoop spark ","SQL "
"2017/01/24 11:22:10 PM GMT","Tegan Lohman","tmlohman@gmail.com","",""
"2017/01/24 11:34:57 PM GMT","Julia Yang","julia.zhe.yang@gmail.com","Statistics, Python/pandas, DB (Redshift, Snowflake, SQL), Julia, Neuronet","N/A (for now)"
"2017/01/25 12:36:18 AM GMT","Mamta Vig","mars.vig@gmail.com","Python, machine learning, R",""
"2017/01/25 12:47:27 AM GMT","Michele Gleit","itsmichele@gmail.com","everything!","I could maybe talk about some basic things, like doing data visualization with python. "
"2017/01/25 1:05:11 AM GMT","Zeina","zeinadaoud@yahoo.com","learning data science, transitioning into the field","none yet"
"2017/01/25 1:48:29 AM GMT","josephine","josie@superkibitz.com","using python for data science","have not decided yet"
"2017/01/25 6:19:28 AM GMT","Priya Meyyappan","priyamey@gmail.com","Statistics , data exploration ideas , visualization and build models","Presenting Business Insights , SQL"
"2017/01/25 6:51:33 AM GMT","Olga Buchonina ","Olga@myactionspot.com","Neuroscience and ML","ML algprorithms, python "
"2017/01/25 6:51:48 AM GMT","JR","essoufflee@gmail.com","",""
"2017/01/25 3:46:06 PM GMT","yvonne lawrence","yvonneslawrence@gmail.com","",""
"2017/01/25 6:08:16 PM GMT","Mila","mila.belan@gmail.com","deep learning",""
"2017/01/26 6:09:36 AM GMT","Eileen Wei","eileenwei.me@gmail.com","Neural Network",""
"2017/01/26 6:04:00 PM GMT","Courtney Monk","courtneymonk@gmail.com","late career options, management, causal inference",""
"2017/01/26 8:23:52 PM GMT","Cathy Mateobariao","cbariao@gmail.com","",""
"2017/01/27 3:16:20 AM GMT","pia","pips@piasmith.com","","none yet"
"2017/01/28 5:06:35 AM GMT","Elena Mircheva-Mendl","Elenaamircheva@gmail.com","Data Analysis",""
"2017/01/28 9:19:54 PM GMT","Natasha supper","Nsupper@yahoo.com","Analysis predictions",""
"2017/02/01 4:35:21 AM GMT","Stacie Frederick","stacie@alum.calberkeley.org","Tools and platforms",""
"2017/02/02 6:22:14 AM GMT","Marcela","piedad.echavarria@gmail.com","",""
"2017/02/03 8:18:26 PM GMT","Nan Xia","sthxianer@gmail.com","",""