"Timestamp","Your company name","Your name (first, last)","Your email address","Your Phone number","Type of support company wants to provide","Company site address offering to host WWCode-Silicon Valley events","If no restrictions and you are open to discuss, say ""open"".  Otherwise, specify your preferences or restriction ","Any other information or requests? "
"2016/02/10 10:23:09 PM GMT","Disney Interactive","Madhuri Koushik","Madhuri.Koushik@disney.com","","Code Training Sessions (classes spread over a few months)","395 Page Mill Road, 2nd Floor, Palo Alto, CA 94306","TBD",""
"2016/08/17 10:51:23 PM GMT","Northeastern University","Alanta Hider","a.hider@northeastern.edu","408-609-8311","Misc - Anything you need. Just let us know (thank you we will contact you when we need something then!)","6024 Silver Creek Valley Road San Jose, CA  95138","Open","we are a tech focused campus with a classroom set-up or general meeting space.  we're also new in town (campus, not the university we are top-tier research institution) and we've got the room to share!  please let us know how we can helP!"
"2016/08/26 5:47:02 PM GMT","Intuit","Mimi Turner","mimi_turner@intuit.com","6509442470","Job openings, internships, as well as partner to host a meetup at Intuit featuring a speaker from Intuit.","2750 Coast Ave, Mountain View, CA 94043","",""
"2016/09/02 2:08:20 AM GMT","realtor.com","Amy Carbajal","amy.carbajal@move.com","805-557-3527","Host a Study Group (beginner) or Hack club (intermediate/advanced) (we can design/discuss details, frequency, end time, etc);Host Lightning Talks (speaker series format, again we can design/discuss details);Sponsor a Hackathon (provide snacks, swag, prizes, mentors, judges, volunteers, etc. Specify in ""other"")","3315 Scott Blvd, Suite 250, Santa Clara, CA","Open - we can discuss what works best based on date and availability of our facility","We are open to sponsor/host a variety of events for you, just let me know and we can work out dates. Thank you for the opportunity to partner!"
"2016/09/03 8:07:21 PM GMT","Microsoft","Christine Matheney","Christine.Matheney@microsoft.com","650-693-3679","Host a Study Group (beginner) or Hack club (intermediate/advanced) (we can design/discuss details, frequency, end time, etc);Host Lightning Talks (speaker series format, again we can design/discuss details);Host a Hackathon (~100 attendees, usually requires a large facility and happens at a 12 hr window on a weekend);Misc - Anything you need. Just let us know (thank you we will contact you when we need something then!)","680 Folsom St, Ste 145, San Francisco, CA - http://microsoftreactor.com/","There's a calendar available here: http://microsoftreactor.com/events/  , otherwise we're open. The space can host about 75 classroom style, 150ish standing.  If there's alcohol, a licensed bar tender must be present. ","Happy to host all kinds of events in the space. "
"2016/09/26 7:43:23 PM GMT","DreamitReel","Ravid Razak","ravidr@dreamitreel.com","516.318.4899","Sponsor a Hackathon (provide snacks, swag, prizes, mentors, judges, volunteers, etc. Specify in ""other"");In-Kind donation - (1) Free online video editing package for WWCode Silicon Valley (event recap), (1) free video editing package raffle prize for hackathon contestant, 25% off video editing package for all hackathon participants and stakeholders","","In-Kind donation - (1) Free online video editing package for WWCode Silicon Valley (event recap), (1) free video editing package raffle prize for hackathon contestant, 25% off video editing package for all hackathon participants and stakeholders","Individuals will be required to film their own footage and DreamitReel will have a premier video editor creating a compelling visual presentation using the content."
"2016/10/04 9:52:37 AM GMT","Creative Tim","Diana Caliman","diana@creative-tim.com","","Sponsor a Hackathon (provide snacks, swag, prizes, mentors, judges, volunteers, etc. Specify in ""other"");We want to offer the Get Shit Done Pro Kit (http://www.creative-tim.com/live/get-shit-done-pro), which is a huge collection of components designed to meet the needs or web developers and designer, to all the participants. ","","",""
"2016/10/11 5:33:20 PM GMT","Coding Dojo","Paul Schindler","pschindler@codingdojo.com","9167163937","Host a Study Group (beginner) or Hack club (intermediate/advanced) (we can design/discuss details, frequency, end time, etc);Host a Hackathon (~100 attendees, usually requires a large facility and happens at a 12 hr window on a weekend)","1920 Zanker Road #20 San Jose CA 95113","Open",""
"2016/10/17 8:18:12 PM GMT","Akamai Technologies","Deji Mabogunje","dmabogun@akamai.com","617-444-4648","Host a Study Group (beginner) or Hack club (intermediate/advanced) (we can design/discuss details, frequency, end time, etc);Job openings (be sure to send an email to both contact@womenwhocode.com and siliconvalley@womenwhocode.com)","3355 Scott Boulevard, Santa Clara, CA 95054","food for ~50/60 people max, 1-2 week advance notice ",""
"2016/10/18 3:22:19 AM GMT","ACTIONSPOT","Olga Buchonina","olga@actionspot.us","650-619-8904","Host a Study Group (beginner) or Hack club (intermediate/advanced) (we can design/discuss details, frequency, end time, etc);Host Lightning Talks (speaker series format, again we can design/discuss details);Host a Hackathon (~100 attendees, usually requires a large facility and happens at a 12 hr window on a weekend)","www.youractionspot.com","open based on calendar availability","none yet"
"2016/11/14 9:37:03 PM GMT","NextSpace Silicon Valley","Michelle, Ng","michelle@nextspace.us","","Host a Study Group (beginner) or Hack club (intermediate/advanced) (we can design/discuss details, frequency, end time, etc);Host Lightning Talks (speaker series format, again we can design/discuss details)","www.nextspace.us/silicon-valley","open",""
"2017/02/09 12:07:55 AM GMT","GoPro","Ashley Shaeffer","ashaeffer@gopro.com","415-942-4171","Host a Study Group (beginner) or Hack club (intermediate/advanced) (we can design/discuss details, frequency, end time, etc);Host Lightning Talks (speaker series format, again we can design/discuss details);Job openings (be sure to send an email to both contact@womenwhocode.com and siliconvalley@womenwhocode.com)","gopro.com","We are relatively flexible on the dates, but we typically host 1-2 meetups per month. We have a specific budget that is usually good for 100 people including food and alcohol. We would like our own employees to be part of the meetup as well! Will require at least a month of notice to ensure availability for our common area. We can typically only host from 5pm and onward at our headquarters in San Mateo. I will be point of contact for all of the meetups moving forward. ","We prefer to host any type of tech talks, so that our employees can actively participate as well, but more than happy to hose study groups. "
"2017/03/14 6:35:00 PM GMT","SmugMug","Jill Valenzuela","jill@smugmug.com","650-265-0409","Sponsor a Hackathon (provide snacks, swag, prizes, mentors, judges, volunteers, etc. Specify in ""other"");Job openings (be sure to send an email to both contact@womenwhocode.com and siliconvalley@womenwhocode.com);Internship opportunities (again send email to both email addresses above)","67 East Evelyn Avenue Suite 200 Mountain View CA","Never done this before so super open, would rather discuss possibilities before I set restrictions.",""