"Timestamp","Did you attend?","Email","If you registered but didn't attend, why not?","Feedback"
"2016/10/12 4:42:38 AM GMT","Yes","shubhi.asthana@gmail.com","","It was a great event, enjoyed it. Wish we had stayed till the last, we had given our presentation ppt and video as we could not stay till the end of hackathon."
"2016/10/14 5:45:35 AM GMT","Yes","Rosheenmail@gmail.com","","I loved it! Healthier food options would make it better though"
"2016/10/15 5:05:00 PM GMT","Yes","highbridge918@gmail.com","",""
"2016/10/18 1:03:13 AM GMT","Yes","andrewhyeung@gmail.com","","It was great, felt like time given was too short though."
"2016/10/18 5:40:36 PM GMT","Yes","","","Swap raffle prizes for winner prizes?"