"Timestamp","Approximate # of sessions attended:","The main reason I attended these meetup was:","Which sessions were most helpful for you?","Comments","How actively are you looking for a job?","What resources do you use to prepare for technical interviews? (please, check it or name some examples )","Comments:","I feel more confident in technical interview:","We are constantly looking for mentors and volunteers. Please, check if you:","If checked any of mentors/volunteers options above, please leave an email, so we may reach you:","Do you have any kind words or feedback we can share with mentors?","Any other overall comments or feedback for next time?"
"2016/06/30 9:51:22 AM GMT","3","Get ready for technical interview","Week 1 (05/17): Array, Strings;Week 2 (05/25): Linked Lists;Week 3 (06/01): Stacks, Queues","","Just started (did nothing yet or 1-2 phone screens)","Meetup;Fb group “WomenWhoCodeSiliconValley” (https://www.facebook.com/groups/womenwhocodesiliconvalley/)","","2","would like to help as a volunteer for Interview Prep series","portia-sharma@usa.net ","I attended this partially. It was an eye-opener but at the same time very encouraging.  Mentors were very kind and helpful. ","I am really looking forward to attend it in future to completion. "
"2016/07/03 11:54:40 PM GMT","","Preparing for the interview and getting knowledge","Week 4 (06/08): Binary Trees, BST","","Just started (did nothing yet or 1-2 phone screens)","Contest sites;interviewbit.com","","","would like to help as a volunteer for Interview Prep series;would like to help with other Women Who Code - Silicon Valley meetups","chosujin84@gmail.com","",""
"2016/07/04 12:02:07 AM GMT","","Love to solve more questions and be better in software engineering. Not just interview but be better in general.","Week 5 (06/15): Graphs;Week 6 (06/22): Dynamic Programming","","Did several phone screens in past months","Meetup;Contest sites;letscode.com, www.geeksforgeeks.org","","","would like to help as a volunteer for Interview Prep series;would like to help with other Women Who Code - Silicon Valley meetups","hswong1@uci.edu","Thank you for provide you free time hosting the meetup.","May be we can have separate ... and interview practice so that people who are new in SW can learn more in depth than just 5 mins intro."
"2016/07/04 12:07:18 AM GMT","","To improve my interviews, concepts, and network with people from industry","","","Actively looking (had hr phone screen talk, had a tech screen talk, had an onsite tech talk)","Meetup;Book;app -> amatch","1-1 mock interview (Udacity)","","would like to help as a volunteer for Interview Prep series;would like to help with other Women Who Code - Silicon Valley meetups","forumgala05@gmail.com","",""
"2016/07/04 12:12:38 AM GMT","","I start to prepare to interview","Week 4 (06/08): Binary Trees, BST;Week 5 (06/15): Graphs;Week 7 (06/29): Review-thon","1st: week 7, 2nd: week 4, 3rd: week 5; more write code, less discuss","Passive interest","Book;1:1 mock interview","Book: Elem. of Programming Interview; 1:1 mock interview: smt with my husband","","","","To demand coding more clean, to give feedback: good/bad on how it looks on real interview","I am impressed by organization issues!!! Quizzes before splitting, good mentors, use timer to be on time!"
"2016/07/04 12:21:49 AM GMT","6","1. Revisit concepts with better developed uncertancing; 2. Work on the ""performance"" skills of it","Week 5 (06/15): Graphs;Week 6 (06/22): Dynamic Programming","All were useful -  even the ""easier"" topics allowed deeper exploration in comparison with previous times. The most helpful, personally, was the DP session because the coins problem and the longest common substring problem solutions finally really checked (implementing them at home w/o reference to notes and quickly was a breeze afterwords). Graphs was a close second. ","Just started (did nothing yet or 1-2 phone screens)","Meetup","Meetup: Bay Area JavaScript Interview Prep Meetup, Tech Interview Study Group","","","","Their patience, insight, suggestions, experience (& willingness to communicate bits of their experience) have been all wonderful",""
"2016/07/04 12:24:48 AM GMT","7 (All of them)","to get prepare for future possible interview","Week 7 (06/29): Review-thon","All were helpful","Passive interest","Meetup;Book","","","","esrakucukogoz@yahoo.com (?)","Thank you. Please have a similar session soon again.",""
"2016/07/04 12:27:38 AM GMT","3","To learn concepts and practice few problems","Week 5 (06/15): Graphs;Week 6 (06/22): Dynamic Programming;Week 7 (06/29): Review-thon","Really great all sessions, well organized","Just started (did nothing yet or 1-2 phone screens)","Meetup;Contest sites","","","would like to help with other Women Who Code - Silicon Valley meetups","durga.gm@gmail.com","All mentors were really great and helpful. A big thank you.","I request for the same series as soon as possible."
"2016/07/04 12:30:28 AM GMT","4","Get ready for real interview","Week 3 (06/01): Stacks, Queues;Week 4 (06/08): Binary Trees, BST;Week 5 (06/15): Graphs;Week 6 (06/22): Dynamic Programming;Week 7 (06/29): Review-thon","","Just started (did nothing yet or 1-2 phone screens)","Meetup;Contest sites","lettscode.com","","would like to come as a mentor for Interview Prep series;would like to help as a volunteer for Interview Prep series","mhshid@gmail.com","I really appreciate  their time and help, these meetups were great opportunity for me.","Everything was great! Just add some ... please."
"2016/07/04 12:32:18 AM GMT","5","To improve my skills in algorithms and data structure.","Week 1 (05/17): Array, Strings;Week 2 (05/25): Linked Lists;Week 3 (06/01): Stacks, Queues;Week 4 (06/08): Binary Trees, BST;Week 5 (06/15): Graphs;Week 6 (06/22): Dynamic Programming;Week 7 (06/29): Review-thon","All of them.","Passive interest","Meetup;Book","","","","","I really appreciate the mentors offering their time to help us","These meetups are great."
"2016/07/04 12:35:11 AM GMT","","Preparing interviews","Week 3 (06/01): Stacks, Queues;Week 4 (06/08): Binary Trees, BST;Week 5 (06/15): Graphs;Week 7 (06/29): Review-thon","","Just started (did nothing yet or 1-2 phone screens)","Meetup;Contest sites;Book","","","would like to come as a mentor for Interview Prep series","prasanthi.relangi@gmail.com","Great meetup that's very well organized ;)","May be have a github repo with few questions so people can learn how to write better code."
"2016/07/04 12:38:40 AM GMT","","To attend graph session.  Also for mock interviews.","Week 5 (06/15): Graphs;Week 7 (06/29): Review-thon","","Just started (did nothing yet or 1-2 phone screens)","Contest sites;Book;Fb group “WomenWhoCodeSiliconValley” (https://www.facebook.com/groups/womenwhocodesiliconvalley/)","Contest sites: interviewcake.com, leetcode.com","","","suprita.shankar@gmail.com","Awesome job, you guys. Thank you to the mentors for taking time out.","No. Keep up good work. One suggestion: have a mock interview once in the middle of series."
"2016/07/06 3:55:06 PM GMT","3","Learning about important topics/problems/algorithms & preparing for interviews","Week 7 (06/29): Review-thon","I attend just LinkedList, Graphs and DP programming sessions. All were useful in some way, but I found that interactive w/ the mentors was the most useful.","Passive interest","Fb group “WomenWhoCodeSiliconValley” (https://www.facebook.com/groups/womenwhocodesiliconvalley/)","","","","","Thank you for all who take time from their schedules to help others!","I wonder if it'd be useful to allocate questions that people can study in advance so meetup would build on these skills."
"2016/07/06 4:03:29 PM GMT","3","To get better at technical interviews","Week 6 (06/22): Dynamic Programming","All were good I didn't go to enough to compare the different weeks/topics","Actively looking (had hr phone screen talk, had a tech screen talk, had an onsite tech talk)","Meetup;Book;1:1 mock interview;Fb group “WomenWhoCodeSiliconValley” (https://www.facebook.com/groups/womenwhocodesiliconvalley/)","Book: ""Programming Interviews Exposed""; 1:1 mock interview: pramp.com ","","","","They were fantastic. Really appreciate each mentor and they often went beyond the usual questions. Suggested other interesting things to ...","I'd love to do it again. Suggestion: limit meetup for people who have done some DS/Algo practice core, because people who didn't know anything showed up, taking away spots for people who are seriously interviewing."
"2016/07/06 4:07:02 PM GMT","5","To get better prepared for technical interviews","Week 2 (05/25): Linked Lists;Week 5 (06/15): Graphs;Week 6 (06/22): Dynamic Programming;Week 7 (06/29): Review-thon","All of sessions I attended were very helpful. Great opportunities to practice coding on whiteboard. Review-thon was great opportunity to get 1-1 practice and onset feedback.","Just started (did nothing yet or 1-2 phone screens)","Meetup;Contest sites;Book","Contest sites: https://www.hackerrank.com/","","","","Thank you so much for taking the time to mentor us during these sessions!",""
"2016/07/11 5:12:22 AM GMT","4","practicing my white board skill","Week 4 (06/08): Binary Trees, BST;Week 5 (06/15): Graphs;Week 6 (06/22): Dynamic Programming;Week 7 (06/29): Review-thon","all sections that I attended","Just started (did nothing yet or 1-2 phone screens)","Fb group “WomenWhoCodeSiliconValley” (https://www.facebook.com/groups/womenwhocodesiliconvalley/)","","3","would like to come as a mentor for Interview Prep series;would like to help as a volunteer for Interview Prep series;would like to help with other Women Who Code - Silicon Valley meetups","nttnhan@gmail.com","Thank you for being our mentor. Your feedbacks are really useful for us.",""
"2016/08/04 7:09:41 AM GMT","0","","","","Just started (did nothing yet or 1-2 phone screens)","Book","","1","","","",""