"Timestamp","What is your name? (first, last, and your slack, @guiti)","If you intend to do the project (we chose iHackClub) what is your commitment level?","Do you have any preference for what part of the Tech project you want to concentrate on (either have prior knowledge or want to learn?)","what is your contact email?","what is your cell number?","Which day of the week do you want to meet ","What times are you available ","Where do you want to meet for this Additional meeting"
"2016/02/22 8:27:56 PM GMT","Corey Shott @jcshott","5-8","Python/Flask;Javascript","jcshott@gmail.com","406-544-7839","Monday;I can do other days if needed. Preferably not Fri or weekends tho","Not working (or can manage my projects so I can be flexible and available most anytime)","Mid peninsula (Mtview up to Palo Alto);Peninsula (Palo Alto to RedwoodCity)"
"2016/02/22 10:07:26 PM GMT","Ketaki, Kekatpure, @ketaki","5-8","DB;Python/Flask;Want to be involved in more than one to learn - We plan to do pair (or more) programming and rotate members too","ketaki.kekatpure@gmail.com","650-265-8592","Monday;Tuesday;Wednesday;Thursday","Not working (or can manage my projects so I can be flexible and available most anytime)","SouthBay (MtView and South);Mid peninsula (Mtview up to Palo Alto);There is no additional space to add comments about the available times in the previous question. I am flexible in terms of times, however, I won't be able to make it in the morning as I have my class in the mornings. "
"2016/02/23 4:06:25 AM GMT","irina, ranneva, @kapirka","5-8","DB;Python/Flask","iranneva@gmail.com","408 666 9383","Monday;Thursday;Sunday","Working but flexible in terms of hours (can do middle of the day)","Anywhere is ok"
"2016/02/23 6:21:36 AM GMT","Amber, Shao, @amber","unfortunately I can't commit fixed hours due to my current startup workload. I would like to be part of the team and maybe be a tester or just provide feedbacks whenever I can make the meetings. Please let me know if it's feasible. ","See my answers to the commitment question","yi_sa@yahoo.com","","hard to say..","Working but flexible in terms of hours (can do middle of the day)","Virtual"
"2016/02/24 1:26:51 AM GMT","Jessica, Parsons, @verythorough","5-8","DB;UI;Python/Flask;Want to be involved in more than one to learn - We plan to do pair (or more) programming and rotate members too","Verythorough@gmail.com","650-387-8651","When I'm honest, I know I can't really commit another evening or weekend day consistently. I could do a weekday during the day, though.  ","Not working (or can manage my projects so I can be flexible and available most anytime)","SouthBay (MtView and South);Mid peninsula (Mtview up to Palo Alto);Peninsula (Palo Alto to RedwoodCity);Virtual;Anywhere is ok"
"2016/02/24 7:48:05 PM GMT","Blithe Brandon @blithe","8-10;I'm selecting 8-10, but could end up putting in more time.","Python/Flask;Project Mgmt;Want to be involved in more than one to learn - We plan to do pair (or more) programming and rotate members too","","","Monday;Tuesday;Thursday;Friday;Saturday;Sunday","Not working (or can manage my projects so I can be flexible and available most anytime)","Virtual;Super far south (near Santa Cruz/Los Gatos), otherwise close to Palo Alto"
"2016/02/25 6:43:56 PM GMT","@guiti","3-5 hours/week","Python/Flask;Project Mgmt;Product Mgmt","guiti.nabavi@gmail.com","408-219-5200","Monday;Tuesday;Wednesday;Thursday;Friday;Saturday;Sunday;open and can move sched around","Working but flexible in terms of hours (can do middle of the day)","SouthBay (MtView and South);Mid peninsula (Mtview up to Palo Alto);Virtual"
"2016/03/01 7:24:28 AM GMT","Guzel, Galina, @guzel","5-8;8-10","DB;UI;Python/Flask;Want to be involved in more than one to learn - We plan to do pair (or more) programming and rotate members too","guzel.galina@gmail.com","650-720-5872","depends from my other activities","Working but flexible in terms of hours (can do middle of the day)","SouthBay (MtView and South);Virtual"