"Timestamp","Name","Email","Briefly describe your interest in helping WWCode-SV leadership.","Which leadership team(s) do you want to be a part of?","Do you want to help any group? ","Any questions, comments, or suggestions?"
"2016/05/03 9:34:59 PM GMT","Alexandra Groetsema","alexandrag2254@gmail.com","I have attended quite a few SV WWC events and have loved the energy, content and networking opportunities I've had. Currently, I want to contribute to the community in a significant way. If there is interest I would love to introduce a Bitcoin+Blockchain group/talk. ","Event Coordination (Help a study group -- pick from below, plan a talk, find speakers, organize hackathon, etc);Operational team (Help directors in running the chapter smoothly, coordinate volunteers as needed, create new projects or teams)","",""
"2016/05/03 10:02:37 PM GMT","Leann Pereira","ldaspereira@usfca.edu","I'd like to develop a leadership development group - to teach leadership skills to women engineers","","Venture, Entrepreuneurship;Leadership development for Women Engineers",""
"2016/05/09 9:00:19 PM GMT","Archana Soni","rainbowlights007@gmail.com","I am not aware about the details and where my help can be most beneficial, but I choose below 3 to highlight where all I am interested and think capable of providing my support.","Host-outreach (Contact companies about hosting our events.);Event Coordination (Help a study group -- pick from below, plan a talk, find speakers, organize hackathon, etc);Operational team (Help directors in running the chapter smoothly, coordinate volunteers as needed, create new projects or teams)","Data Science (Big Data, Machine Learning);iOS/Swift;Venture, Entrepreuneurship",""
"2016/05/14 11:36:34 PM GMT","Anuja verma","Anuja.verma91@gmail.com","When I joined high school I saw a drastic decrease in female to male ratio. I was the only female from my high school who joined an elite engineering school, and there I was the only female in a batch of 23 students. That's why I have first hand experience of being the only female in science and tech, and I know how difficult it is to be part of this group. Hence I am a strong advocate of women in tech.","Host-outreach (Contact companies about hosting our events.);Event Coordination (Help a study group -- pick from below, plan a talk, find speakers, organize hackathon, etc);Marketing (Design team, social media posts, cross-posting our events to other email lists/groups);Operational team (Help directors in running the chapter smoothly, coordinate volunteers as needed, create new projects or teams)","Algorithm & Interview Prep;Android;Hiking / Social (walks, dinners, book clubs, sports activities, etc.);Venture, Entrepreuneurship",""
"2016/05/15 6:20:06 PM GMT","Alexandra Polubiec","alexandra.polubiec@gmail.com","I would love to help organize events, and provide mentorship and/or tutoring to women who are learning to code for the first time! I love programming, and would be excited to help other women learn how to program.","Tech leaders (Help/lead a specific study group, ask others to help the organizing team, be a mentor);Social (Fun stuff like hiking, book clubs, sports events, for example: doing Color Run as WWCode!);Operational team (Help directors in running the chapter smoothly, coordinate volunteers as needed, create new projects or teams)","JavaScript;Python;Hiking / Social (walks, dinners, book clubs, sports activities, etc.)",""