"Timestamp","Name","Email","If you are currently employed, where do you work? (optional) ","Are you working at or do you have contacts with a company or organisation which could host one of our meetups? ","How would you describe your current level in data science: ","We are planning to organise a series of talks. Which of the below topics would you be interested in? ","Are there any other topics you would like to see talks on?","Do you know anyone who could give a talk for us related to data science?","If we were to organise a course, workshop, or project group, what would you be interested in? ","Do you have any other awesome ideas for a workshop or project we can organize? ","When would you be available to attend meetups? ","Help us organise a talk or course! "
"2015/11/25 3:51:39 AM GMT","Anjali","anjalicg2001@gmail","","","I am just getting started","Presenting your data (e.g. Notebook);Programming languages (e.g. R /Python);Scalable analyses (e.g. Spark/Hadoop);Machine learning techniques;Deep learning/neural networks;Data visualisation (e.g. D3.js);Data science and statistics;Data science for marketing;Data science for business analytics;Applications of data science;Text analysis","","","Learning python;Learning R;Machine learning techniques;Scalable machine learning;Deep learning/Neural networks;Text analysis;Do a project in R/python;Participate in a (beginner or advanced) Kaggle competition;Participate in a hackathon;Go to data science conferences","","Saturday;Sunday",""
"2015/11/25 4:00:56 AM GMT","Shivva Subramani","itsshivva@gmail.com","Yes","No","I followed a few (online) courses","How to get hired as a data scientist;Scalable analyses (e.g. Spark/Hadoop);Machine learning techniques;Applications of data science;Text analysis","","","Machine learning techniques;Scalable machine learning;Deep learning/Neural networks;Text analysis;Participate in a (beginner or advanced) Kaggle competition;Participate in a hackathon","","Wednesday evening",""
"2015/11/25 4:20:04 AM GMT","Poorna Omprakash","poorna.omprakash@gmail.com","Amazon","","I just finished a degree related to datascience","How to get hired as a data scientist;Presenting your data (e.g. Notebook);Programming languages (e.g. R /Python);Scalable analyses (e.g. Spark/Hadoop);Machine learning techniques;Deep learning/neural networks;Data visualisation (e.g. D3.js);Data science and statistics;Data science for marketing;Data science for business analytics;Applications of data science;Text analysis","","","Learning python;Learning R;Machine learning techniques;Scalable machine learning;Deep learning/Neural networks;Text analysis;Do a project in R/python;Participate in a (beginner or advanced) Kaggle competition;Data scientist interview prep;Participate in a hackathon;Go to data science conferences","","Friday evening;Saturday;Sunday","Volunteer, study group leader"
"2015/11/25 5:51:04 AM GMT","Emily Wu","emilyxwu@gmail.com","No","Not now","I followed a few (online) courses;I have work experience in a related field but am now transitioning to datascience","How to get hired as a data scientist;Presenting your data (e.g. Notebook);Programming languages (e.g. R /Python);Scalable analyses (e.g. Spark/Hadoop);Machine learning techniques;Deep learning/neural networks;Data visualisation (e.g. D3.js);Data science and statistics;Data science for marketing;Data science for business analytics;Applications of data science;Text analysis","","","Learning python;Learning R;Machine learning techniques;Scalable machine learning;Deep learning/Neural networks;Text analysis;Do a project in R/python;Participate in a (beginner or advanced) Kaggle competition;Data scientist interview prep;Participate in a hackathon;Go to data science conferences","","Monday evening;Tuesday evening;Wednesday evening;Thursday evening;Friday evening;Saturday;Sunday","I can volunteer 10 hr per month. Happy to help out wherever help is needed."
"2015/11/25 3:23:22 PM GMT","Samantha Zeitlin","samanthazeitlin@gmail.com","Sighten","We don't have space right now, but we are moving to a larger office in the near future, at which point it might be doable. ","I'm in my first year in a job titled 'software engineer, data science' after many years working as a scientist ","Scalable analyses (e.g. Spark/Hadoop);Machine learning techniques;Data visualisation (e.g. D3.js)","other languages and tools I've heard about but haven't had time to investigate much: scala, clojure, scalding, elixir

always happy to do more D3 since I haven't had much time to play with it on my own, and related tools

would love to see a talk about all the new things in the latest matplotlib update

wes mckinney gave a great talk on Ibis for a data engineering meetup, it would be great if we could get him or someone to talk about those sorts of tools","I could. I gave a talk for the Women in Business Analytics group on an example of a data story - everything from the data pipeline through analysis and visualization. So far I'm mostly doing data pipelines at my current job, so I could talk more about that, or a talk could be a good excuse to do a personal project with more analysis and visualization. ","Machine learning techniques;Scalable machine learning","Not really, but the last D3 meetup I attended was really good. maybe we could do something with them - I really enjoyed pairing with a designer who knew more javascript but less about data (I know more data and less javascript). ","Monday evening;Tuesday evening;Thursday evening","Can maybe be a speaker or help teach a workshop at some point, but work is pretty busy for me so I'm reluctant to make any promises until I have a better idea how much time I can really spare. "
"2015/11/28 5:22:32 PM GMT","Jessica Parsons","Verythorough@gmail.com","Freelance part-time","","I am just getting started","Programming languages (e.g. R /Python);Data visualisation (e.g. D3.js);Applications of data science;Text analysis","","","Learning python;Text analysis;Do a project in R/python;Participate in a (beginner or advanced) Kaggle competition;Participate in a hackathon","","Monday evening;Wednesday evening;Thursday evening;Friday evening;Saturday;Sunday",""
"2015/11/28 6:44:44 PM GMT","Yong Liu","yliu.bayarea@gmail.com","","","I followed a few (online) courses","How to get hired as a data scientist;Programming languages (e.g. R /Python);Machine learning techniques;Data science for business analytics;Applications of data science","","","Do a project in R/python;Participate in a (beginner or advanced) Kaggle competition;Participate in a hackathon;Go to data science conferences","","Wednesday evening;Thursday evening",""
"2015/11/28 7:27:29 PM GMT","Raj Sivakumar","raj.a.siva@gmail.com","Start-Up - Thync","","I am just getting started;I followed a few (online) courses","How to get hired as a data scientist;Presenting your data (e.g. Notebook);Programming languages (e.g. R /Python);Machine learning techniques;Deep learning/neural networks;Data science and statistics;Data science for business analytics;Applications of data science;Text analysis","","","Learning python;Learning R;Machine learning techniques;Deep learning/Neural networks;Do a project in R/python;Participate in a (beginner or advanced) Kaggle competition;Data scientist interview prep;Participate in a hackathon;Go to data science conferences","","Monday evening;Tuesday evening;Wednesday evening;Thursday evening;Friday evening;Saturday;Sunday","I would be interested in co-hosting a Python or R study group that focuses on machine learning techniques."
"2015/11/30 3:47:42 PM GMT","Adriana Rivera","letsgotravel007-meetup@yahoo.com","","","I followed a few (online) courses","How to get hired as a data scientist;Presenting your data (e.g. Notebook);Programming languages (e.g. R /Python);Scalable analyses (e.g. Spark/Hadoop);Machine learning techniques;Data visualisation (e.g. D3.js);Data science and statistics;Applications of data science;Text analysis","","","Learning python;Machine learning techniques;Scalable machine learning;Do a project in R/python;Participate in a (beginner or advanced) Kaggle competition;Data scientist interview prep;Participate in a hackathon;Go to data science conferences","A group project in Python where we contribute with GitHub to have as portafolio.","Tuesday evening;Wednesday evening;Thursday evening","Not sure yet, but I think I could help on some. Still thinking about it."
"2015/11/30 5:27:41 PM GMT","Karin Golde","goldehere@gmail.com","NetBase Solutions","Probably - we're moving into a new space in Santa Clara this month, and we should have room for smaller groups.","I manage a data science department","Presenting your data (e.g. Notebook);Machine learning techniques;Deep learning/neural networks;Data visualisation (e.g. D3.js);Text analysis","","I can discuss hiring - I'm hiring right now, and I don't know if my hiring process is typical, but I can share what I do.","Machine learning techniques;Deep learning/Neural networks","I would be more interested in high level overviews of these topics rather than deep dive projects. A talk on how a certain technique was applied to a real project would be interesting.","Friday evening;Saturday;Sunday","I could add to maybe one talk every one or two months, as a contributor rather than an organizer."
"2015/11/30 5:33:51 PM GMT","Irina","irinacoder1bc@gmail.com","","","I am just getting started","Presenting your data (e.g. Notebook);Programming languages (e.g. R /Python);Scalable analyses (e.g. Spark/Hadoop);Machine learning techniques;Data science and statistics;Data science for marketing;Data science for business analytics","","","Learning python;Learning R","","Monday evening;Tuesday evening;Wednesday evening;Thursday evening;Friday evening;Saturday;Sunday",""
"2015/12/02 12:39:12 PM GMT","Yumi","Yumi.h.yang@gmail.com","","","I followed a few (online) courses","How to get hired as a data scientist;Presenting your data (e.g. Notebook);Scalable analyses (e.g. Spark/Hadoop);Machine learning techniques;Data visualisation (e.g. D3.js);Data science and statistics;Data science for marketing;Data science for business analytics;Applications of data science;Text analysis","","","Machine learning techniques;Text analysis;Do a project in R/python;Participate in a (beginner or advanced) Kaggle competition;Data scientist interview prep;Participate in a hackathon","","Monday evening;Tuesday evening;Wednesday evening;Thursday evening",""
"2015/12/04 8:03:14 PM GMT","luba","lubagloukhova@gmail.com","","","I just finished a degree related to datascience;I have work experience in a related field but am now transitioning to datascience","How to get hired as a data scientist;Presenting your data (e.g. Notebook);Programming languages (e.g. R /Python);Scalable analyses (e.g. Spark/Hadoop);Machine learning techniques;Deep learning/neural networks;Data visualisation (e.g. D3.js);Data science and statistics;Data science for marketing;Data science for business analytics;Applications of data science;Text analysis","","","Do a project in R/python;Participate in a (beginner or advanced) Kaggle competition;Data scientist interview prep;Participate in a hackathon;Go to data science conferences","","Tuesday evening;Wednesday evening;Thursday evening;Saturday;Sunday","I would be interested in helping out for ~4h per month. "
"2015/12/04 10:02:32 PM GMT","Dung(""yoong"") Nguy","yoomzoom@gmail.com","","","I am just getting started","How to get hired as a data scientist;Presenting your data (e.g. Notebook);Programming languages (e.g. R /Python);Scalable analyses (e.g. Spark/Hadoop);Machine learning techniques;Deep learning/neural networks;Data visualisation (e.g. D3.js);Data science and statistics;Data science for marketing;Data science for business analytics;Applications of data science","","","Learning python;Learning R;Machine learning techniques;Scalable machine learning;Deep learning/Neural networks;Do a project in R/python;Participate in a (beginner or advanced) Kaggle competition;Data scientist interview prep;Participate in a hackathon;Go to data science conferences","Intermediate Python, or Python for DS","Friday evening;Saturday;Sunday","I would be interest in co-coordinating, helping on any of the topics. 
~5-8 hrs per month. "
"2015/12/04 10:25:28 PM GMT","marjorie","3marjorie14@gmail.com","","","I just finished a degree related to datascience;couple internships","Scalable analyses (e.g. Spark/Hadoop);Machine learning techniques;Deep learning/neural networks;Text analysis","I'm interested in topic-specific talks such as image recognition, speech recognition, robotics, autonomous driving. ","","Deep learning/Neural networks;Participate in a (beginner or advanced) Kaggle competition","","Monday evening;Friday evening;Sunday","I'd be interested in being a study group leader or volunteer. I can possibly speak about machine learning techniques (I've taught community college so am a decent speaker). "
"2015/12/05 9:32:07 PM GMT","Anna Shapiro-Mackler","anna.shapiro@gmail.com","n/a","","I am just getting started;I followed a few (online) courses;I have work experience in a related field but am now transitioning to datascience","How to get hired as a data scientist;Presenting your data (e.g. Notebook);Programming languages (e.g. R /Python);Machine learning techniques;Data science and statistics;Data science for marketing;Data science for business analytics;Applications of data science","","I have a friend who is a data scientist at Google. He is a great teacher and presenter. But he is starting part time PhD program in January, so he doesn't want to commit until he can judge his new load.","Machine learning techniques;Do a project in R/python;Participate in a (beginner or advanced) Kaggle competition;Data scientist interview prep;Participate in a hackathon;Go to data science conferences","How to organize Python development environment on one machine. For example: when you are are working on multiple projects that require different versions of Python or packages. Or if you are working with particular distribution for one project and something different for another one.","Monday evening;Tuesday evening;Wednesday evening;Thursday evening;Friday evening;Saturday;Sunday","I am dealing with some health issues for the next at least 3 months. I cannot commit for something regular or being a group leader. I will be happy to help as a volunteer for a particular event if I am available. "
"2015/12/22 4:49:27 PM GMT","Marina Panina","mfpanina@gmail.com","","","I just finished a degree related to datascience;I have worked a few years as a data scientist","How to get hired as a data scientist;Programming languages (e.g. R /Python);Machine learning techniques;Deep learning/neural networks;Data science and statistics;Data science for marketing;Data science for business analytics;Applications of data science;Text analysis","I think i can help with topics text analysis and ML, NLP ","","Learning R;Text analysis;Data scientist interview prep;Go to data science conferences","Just  crazy ideas: 

Making some kind of competitions of ML before meet up and discuss at meet up after ( like workshop at conferences)

Choose the top articles in confs and ask people to read it at home and prepare short presentation about it. Idea - share new big ideas ","Monday evening;Wednesday evening;Thursday evening","I want to try to be volunteer and help to prepare topics and material on ML, SC, NLP topics. I can spend about average 5hrs/months "
"2016/01/25 11:22:08 PM GMT","Dhara Mehta","dhara.m44@gmail.com","Nokia","No","I followed a few (online) courses","How to get hired as a data scientist;Programming languages (e.g. R /Python);Scalable analyses (e.g. Spark/Hadoop);Machine learning techniques;Deep learning/neural networks;Data visualisation (e.g. D3.js);Data science and statistics;Data science for business analytics;Applications of data science;Text analysis","No","No","Machine learning techniques;Scalable machine learning;Data scientist interview prep;Participate in a hackathon;Go to data science conferences","","Monday evening;Tuesday evening;Wednesday evening;Thursday evening;Friday evening;Saturday;Sunday",""
"2016/01/25 11:27:21 PM GMT","","","","Maybe, I'd have to see who to ask.","I am just getting started","How to get hired as a data scientist;Machine learning techniques;Data visualisation (e.g. D3.js);Applications of data science","","No.","","","Monday evening;Tuesday evening;Wednesday evening;Thursday evening","I can volunteer, but not on weekends."
"2016/01/25 11:39:05 PM GMT","Silvia Oliveros","soliverost@gmail.com","Silicon Valley Data Science","Yes, my company is open to hosting tech talk meetups.","I have work experience in a related field but am now transitioning to datascience;Data Engineer supports Data Scientists","Programming languages (e.g. R /Python);Scalable analyses (e.g. Spark/Hadoop);Machine learning techniques;Deep learning/neural networks;Data visualisation (e.g. D3.js);Data science and statistics;Text analysis","Data Engineering - which very close to Data Science. More focus on new technologies and how to integrate them for data science projects.

NoSQL databases: Cassandra.

","","Machine learning techniques;Scalable machine learning;Deep learning/Neural networks;Participate in a hackathon","","Monday evening;Tuesday evening;Wednesday evening;Thursday evening","I can volunteer in the events, if the events are more technically focused (i.e. Data Engineering) I could help as a group leader."
"2016/01/26 12:55:19 AM GMT","Bella","amdbpo@gmail.com","Google","","I am just getting started","Presenting your data (e.g. Notebook);Machine learning techniques;Data science and statistics","","","Machine learning techniques;Scalable machine learning","","Tuesday evening;Wednesday evening;Sunday",""
"2016/01/26 1:15:02 AM GMT","Ramya Narayanaswamy","ramya.narayanaswamy@gmail.com","","No","I am just getting started","Presenting your data (e.g. Notebook);Programming languages (e.g. R /Python);Scalable analyses (e.g. Spark/Hadoop);Machine learning techniques;Deep learning/neural networks;Data visualisation (e.g. D3.js);Data science and statistics;Applications of data science;Text analysis","","","Learning python;Scalable machine learning;Do a project in R/python;Participate in a (beginner or advanced) Kaggle competition;Participate in a hackathon;Go to data science conferences","","Monday evening;Tuesday evening;Wednesday evening;Thursday evening;Friday evening;Saturday;Sunday",""
"2016/01/26 1:49:16 AM GMT","Manju","","","No","I am just getting started","How to get hired as a data scientist;Programming languages (e.g. R /Python);Scalable analyses (e.g. Spark/Hadoop);Machine learning techniques;Deep learning/neural networks","","","Learning python;Machine learning techniques;Do a project in R/python;Participate in a hackathon;Go to data science conferences","","Tuesday evening;Thursday evening",""
"2016/01/26 4:47:20 AM GMT","Julia Clavien","julia@juliaclavien.com","n/a","n/a","I have work experience in a related field but am now transitioning to datascience","How to get hired as a data scientist;Programming languages (e.g. R /Python);Scalable analyses (e.g. Spark/Hadoop);Data visualisation (e.g. D3.js);Data science and statistics;Text analysis","","","Learning python;Learning R;Machine learning techniques;Text analysis;Do a project in R/python;Participate in a (beginner or advanced) Kaggle competition;Data scientist interview prep","","Monday evening;Tuesday evening;Wednesday evening;Thursday evening","I would be interested to do this later in the year"
"2016/01/26 7:14:14 AM GMT","Antonia Wang","antonia.t.wang@gmail.com","","","I am just getting started;I followed a few (online) courses;I have work experience in a related field but am now transitioning to datascience","How to get hired as a data scientist;Presenting your data (e.g. Notebook);Scalable analyses (e.g. Spark/Hadoop);Machine learning techniques;Deep learning/neural networks;Data science and statistics;Text analysis","","","Scalable machine learning;Deep learning/Neural networks;Text analysis;Do a project in R/python;Participate in a (beginner or advanced) Kaggle competition;Data scientist interview prep;Participate in a hackathon","","Monday evening;Tuesday evening;Wednesday evening;Thursday evening;Friday evening;Saturday;Sunday",""
"2016/01/27 1:29:02 AM GMT","Lakshmy Mohanan","lakshmy88@gmail.com","Google","","I am just getting started","Machine learning techniques;Deep learning/neural networks;Data visualisation (e.g. D3.js);Data science and statistics;Applications of data science","","","Machine learning techniques;Deep learning/Neural networks;Text analysis;Participate in a (beginner or advanced) Kaggle competition;Participate in a hackathon;Go to data science conferences","","Wednesday evening;Thursday evening;Friday evening",""
"2016/01/27 6:31:31 PM GMT","Pushpita Shrestha","ps.puspi@gmail.com","Fujitsu","","I am just getting started","Scalable analyses (e.g. Spark/Hadoop);Data visualisation (e.g. D3.js);Data science and statistics;Data science for business analytics;Applications of data science","","","Learning R;Participate in a hackathon","","Saturday;Sunday",""
"2016/01/27 9:19:16 PM GMT","Uma","Uma.p.vijh@gmail.com","","","I have work experience in a related field but am now transitioning to datascience","How to get hired as a data scientist;Scalable analyses (e.g. Spark/Hadoop);Deep learning/neural networks;Data visualisation (e.g. D3.js)","","","Scalable machine learning;Deep learning/Neural networks;Data scientist interview prep;Go to data science conferences","","Wednesday evening;Sunday",""
"2016/01/28 7:08:37 AM GMT","Yi (Christy) Chou","chrichou33@gmail.com","N/A","","I followed a few (online) courses","How to get hired as a data scientist;Presenting your data (e.g. Notebook);Programming languages (e.g. R /Python);Scalable analyses (e.g. Spark/Hadoop);Machine learning techniques;Deep learning/neural networks;Data visualisation (e.g. D3.js);Data science and statistics;Data science for marketing;Data science for business analytics;Applications of data science;Text analysis","","","Learning python;Learning R;Machine learning techniques;Do a project in R/python;Participate in a (beginner or advanced) Kaggle competition","","Monday evening;Wednesday evening;Saturday",""
"2016/01/28 4:22:27 PM GMT","Masha Rosen","masharosen@yahoo.com","YesVideo Inc","Not sure. I will ask.","I am just getting started","How to get hired as a data scientist;Presenting your data (e.g. Notebook);Programming languages (e.g. R /Python);Scalable analyses (e.g. Spark/Hadoop);Machine learning techniques;Deep learning/neural networks;Data visualisation (e.g. D3.js);Data science and statistics;Data science for marketing;Data science for business analytics;Applications of data science;Text analysis","","","Learning python;Learning R;Machine learning techniques;Scalable machine learning;Deep learning/Neural networks;Text analysis;Do a project in R/python;Go to data science conferences","","Wednesday evening;Thursday evening","I have experience leading study groups and organizing events, meetups, etc. I can commit to organizing or helping organize study group on Thursday nights. However, I have no experience in Data Science. I have over 20 years experience in software engineering if that helps."
"2016/01/28 5:08:48 PM GMT","Stephanie Roark","steph.roark@gmail.com","H2O.ai (intern)","","I followed a few (online) courses","How to get hired as a data scientist;Presenting your data (e.g. Notebook);Programming languages (e.g. R /Python);Scalable analyses (e.g. Spark/Hadoop);Machine learning techniques;Deep learning/neural networks;Data visualisation (e.g. D3.js);Data science and statistics;Applications of data science","","","Learning python;Learning R;Machine learning techniques;Deep learning/Neural networks;Do a project in R/python;Participate in a (beginner or advanced) Kaggle competition;Data scientist interview prep;Participate in a hackathon;Go to data science conferences","","Monday evening;Wednesday evening;Thursday evening;Saturday",""
"2016/01/28 6:28:00 PM GMT","Bella","amdbpo@gmail.com","Google","Not sure, can check","Make some data engineering and analysis but as SWE not as datascience","Scalable analyses (e.g. Spark/Hadoop);Machine learning techniques;Deep learning/neural networks;Data visualisation (e.g. D3.js);Data science and statistics;Data science for marketing;Data science for business analytics;Applications of data science;Text analysis","","","Machine learning techniques;Scalable machine learning;Do a project in R/python;Go to data science conferences","","Tuesday evening;Wednesday evening;Sunday","I have working python experience (currently working in python too) and can help in python course (I am not an official teacher/instructor).
"
"2016/01/28 11:55:45 PM GMT","Fiona Ding","fding253@gmail.com","Santa Clara County","","I am just getting started;I followed a few (online) courses;I just finished a degree related to datascience;I have work experience in a related field but am now transitioning to datascience","How to get hired as a data scientist;Programming languages (e.g. R /Python);Machine learning techniques;Deep learning/neural networks;Data science and statistics;Applications of data science;Text analysis","","","Learning python;Learning R;Machine learning techniques;Scalable machine learning;Deep learning/Neural networks;Text analysis;Do a project in R/python;Participate in a (beginner or advanced) Kaggle competition;Data scientist interview prep;Participate in a hackathon;Go to data science conferences","","Monday evening;Wednesday evening;Friday evening;Saturday;Sunday","I'd be happy to help out with anything (as long as it doesn't require too much prior expertise...). ~10-15 hr/month."
"2016/01/29 1:13:41 AM GMT","Stacie Frederick","stacie@alum.calberkeley.org","","","Preparing, my company will need this function in the next year","Presenting your data (e.g. Notebook);Scalable analyses (e.g. Spark/Hadoop);Machine learning techniques;Deep learning/neural networks;Data visualisation (e.g. D3.js);Data science and statistics;Data science for business analytics","","","Learning python;Machine learning techniques;Scalable machine learning;Deep learning/Neural networks;Do a project in R/python","","Monday evening;Thursday evening",""
"2016/01/29 5:46:39 PM GMT","Grace Ma","gma0930@gmail.com","biotech firm","","I followed a few (online) courses;I have work experience in a related field but am now transitioning to datascience","How to get hired as a data scientist;Presenting your data (e.g. Notebook);Programming languages (e.g. R /Python);Scalable analyses (e.g. Spark/Hadoop);Machine learning techniques;Deep learning/neural networks;Data visualisation (e.g. D3.js);Data science and statistics;Data science for marketing;Data science for business analytics;Applications of data science;Text analysis","Support Vector Machines, big data, TensorFlow, appications of data science in medical field","I have a friend who is in industry that can speak about his work but will need to confirm with him first if he can do it.","Learning python;Machine learning techniques;Scalable machine learning;Deep learning/Neural networks;Do a project in R/python;Go to data science conferences","Handling large datasets, SQL workshops  ","Monday evening;Tuesday evening;Wednesday evening;Friday evening;Saturday;Sunday","I'd like to volunteer as an organizer, 6-8 hrs a month."
"2016/02/02 6:52:51 AM GMT","Jaya","jayavijayen@hotmail.com","Job Hunting","","I am just getting started;I followed a few (online) courses","How to get hired as a data scientist;Presenting your data (e.g. Notebook);Programming languages (e.g. R /Python);Scalable analyses (e.g. Spark/Hadoop);Machine learning techniques;Deep learning/neural networks;Data visualisation (e.g. D3.js);Data science and statistics;Data science for marketing;Data science for business analytics;Applications of data science;Text analysis","","I know a couple of data scientists but not sure if they would like to give a talk.  They are all based in San Francisco.  ","Learning python;Learning R;Machine learning techniques;Scalable machine learning;Deep learning/Neural networks;Text analysis;Do a project in R/python;Participate in a (beginner or advanced) Kaggle competition;Data scientist interview prep;Participate in a hackathon","","Tuesday evening;Thursday evening;Saturday","I'd like to volunteer and help out at data science meetups. "
"2016/02/04 5:37:04 AM GMT","Judit Lantos","lantosjudit@gmail.com","Stanford University, Welocalize","My husband works for Ericsson (the office is in North San Jose). He says that it is quite likely that they can offer room (probably the cafeteria) for talks. I'll need to check this.","I have work experience in a related field but am now transitioning to datascience","How to get hired as a data scientist;Programming languages (e.g. R /Python);Scalable analyses (e.g. Spark/Hadoop);Machine learning techniques;Deep learning/neural networks;Data visualisation (e.g. D3.js);Data science and statistics;Applications of data science;Text analysis","","","Learning python;Machine learning techniques;Scalable machine learning;Deep learning/Neural networks;Text analysis;Do a project in R/python;Participate in a (beginner or advanced) Kaggle competition;Data scientist interview prep","","Monday evening;Tuesday evening;Wednesday evening;Thursday evening;Friday evening;Saturday;Sunday","I'd be glad to get involved in a study group but I'm not sure if I can offer enough expertise. I'll go to the next hiking meetup and will ask one of you in person."
"2016/02/08 3:03:59 AM GMT","Maria nazari","Marianazari510@gmail.com","","","I am just getting started;I followed a few (online) courses;current stats grad student","How to get hired as a data scientist;Presenting your data (e.g. Notebook);Programming languages (e.g. R /Python);Scalable analyses (e.g. Spark/Hadoop);Machine learning techniques;Deep learning/neural networks;Data visualisation (e.g. D3.js);Data science and statistics;Data science for marketing;Data science for business analytics;Applications of data science;Text analysis","","","Learning python;Learning R;Machine learning techniques;Scalable machine learning;Deep learning/Neural networks;Text analysis;Do a project in R/python;Participate in a (beginner or advanced) Kaggle competition;Data scientist interview prep;Participate in a hackathon;Go to data science conferences","","Saturday;Sunday",""
"2016/02/09 7:48:56 PM GMT","Ramya Narayanaswamy","ramya.narayanaswamy@gmail.com","","","I am just getting started;I just finished a degree related to datascience","Presenting your data (e.g. Notebook);Programming languages (e.g. R /Python);Scalable analyses (e.g. Spark/Hadoop);Machine learning techniques;Deep learning/neural networks;Data visualisation (e.g. D3.js);Data science and statistics;Applications of data science;Text analysis","","","Learning python;Learning R;Machine learning techniques;Scalable machine learning;Deep learning/Neural networks;Text analysis;Do a project in R/python;Participate in a (beginner or advanced) Kaggle competition;Participate in a hackathon;Go to data science conferences","","Monday evening;Tuesday evening;Wednesday evening;Thursday evening;Friday evening;Saturday;Sunday","I am interested in volunteering for Data Science meetups. My hours of availability differ from week to week."
"2016/02/10 5:28:29 PM GMT","luba gloukhova","lubagloukhova@gmail.com","Stanford Graduate School of Business","","I just finished a degree related to datascience;I have worked a few years as a data scientist","Programming languages (e.g. R /Python);Scalable analyses (e.g. Spark/Hadoop);Machine learning techniques;Deep learning/neural networks;Data visualisation (e.g. D3.js);Data science and statistics;Data science for marketing;Data science for business analytics;Applications of data science;Text analysis","","","Machine learning techniques;Scalable machine learning;Deep learning/Neural networks;Text analysis;Do a project in R/python;Participate in a (beginner or advanced) Kaggle competition;Data scientist interview prep;Participate in a hackathon;Go to data science conferences","","Tuesday evening;Wednesday evening;Thursday evening;Saturday;Sunday","I would be interested in volunteering. Hours/month is flexible."
"2016/02/10 5:44:21 PM GMT","Smita More","smits.smiling@gmail.com","Financial Engines","No","I am just getting started","How to get hired as a data scientist;Scalable analyses (e.g. Spark/Hadoop);Machine learning techniques;Data visualisation (e.g. D3.js);Data science and statistics;Applications of data science","Above list covers major things.","No.","Learning python;Learning R;Machine learning techniques;Scalable machine learning;Participate in a (beginner or advanced) Kaggle competition;Data scientist interview prep;Participate in a hackathon;Go to data science conferences","Group study and sharing knowledge group wise.","Saturday;Sunday","Would like to be a volunteer. I can help on weekend sessions for couple of hours."
"2016/02/11 12:29:05 AM GMT","Srishti Gupta","srishti.gupta28@gmail.com","","","I just finished a degree related to datascience","Scalable analyses (e.g. Spark/Hadoop);Machine learning techniques;Deep learning/neural networks;Data science and statistics;Text analysis","","","Machine learning techniques;Scalable machine learning;Do a project in R/python;Participate in a (beginner or advanced) Kaggle competition;Participate in a hackathon;Go to data science conferences","","Friday evening;Saturday;Sunday","7-8 hours a month. I would love to volunteer or be a study group leader. I am not sure if I am a qualified speaker - but if you think I am- I would love to speak"
"2016/02/12 11:59:42 PM GMT","Poorna Omprakash","poorna.omprakash@gmail.com","","No","I just finished a degree related to datascience","How to get hired as a data scientist;Machine learning techniques;Deep learning/neural networks;Data science and statistics;Applications of data science;Text analysis","","","Learning python;Learning R;Machine learning techniques;Scalable machine learning;Deep learning/Neural networks;Text analysis;Do a project in R/python;Participate in a (beginner or advanced) Kaggle competition;Data scientist interview prep;Participate in a hackathon;Go to data science conferences","","Saturday;Sunday",""