"Timestamp","Winner first name","Winner last name","Winner email","Winning Project Name & Description","How many people were in your group","Info about other team members","Do you give us permission to share your information with any of our sponsoring companies?  ","Feedback"
"2016/10/12 3:40:56 AM GMT","Rosheen ","Chaudhry ","Rosheenmail@gmail.com","MySafeCampus - app to get more accurate data on sexual assaults on campus by scraping existing data and adding to it using the safe forum built","7","Name: Olivia Kumar
Email: oliviakumar@gmail.com

Name: Demet Aksoy
Email: demetaksoy06@gmail.com

Name: Carrie Gong
Email: carrie90n9@gmail.com

Name: Jamie Warnock
Email: jamie.e.warnock@gmail.com

Name: Melissa Kelly
Email: melakelly@gmail.com","Yes","loved the event. Thanks for doing a great job with the organization."
"2016/10/12 4:42:31 AM GMT","Demet","Aksoy","demetaksoy06@gmail.com","My Safe Campus - An application to send the message that you are not alone and a complete network is behind you with a b","7 total; 5 of us in the last round","I see in the email that you have all","Yes","This was a great organization - thank you very much"
"2016/10/12 4:42:31 AM GMT","Demet","Aksoy","demetaksoy06@gmail.com","My Safe Campus - An application to send the message that you are not alone and a complete network is behind you with a b","7 total; 5 of us in the last round","I see in the email that you have all","Yes","This was a great organization - thank you very much"
"2016/10/12 4:45:12 AM GMT","Laxmi Havisha","Tiruvuri","sundariha@gmail.com","My Safe Campus","7","None ","Yes",""
"2016/10/12 5:04:01 AM GMT","Carrie","Gong","carrie90n9@gmail.com","MySafePlace - I implemented Google Maps API and put that together with our JSON database that we scraped off. We used that data to deliver location of sexual assault crimes to help users identify a “safe campus.”","7","-","Yes",""
"2016/10/12 5:06:12 AM GMT","Melissa","Kelly","melakelly@gmail.com","My Safe Campus","7","I'm not positive","Yes",""
"2016/10/12 5:22:44 AM GMT","Marie","Holen","rm@oslo.net","UPD Caller - Send current position to local UPD by just pressing a button. (Team Coffee)","5","Momoka Takahashi, Naoki Tokunaga, Yuki Kuroshima, Henry Trollinger","Yes","I am only permitting you to share information on behalf of myself, don't know about the rest of the group.
Thanks for a nice hackathon! 
Felt like the presentations and such weren't too organised, some of the messages delivered onstage could have been said backstage to the crew instead.
Unclear how we could use mentors (could they help us with our project? or mentoring in general? what was the purpose?)
Also unclear what end product requirements were. 
In addition we didn't know whether we were to present in front of everyone, just the judges or if we were to give them our code. "
"2016/10/12 4:47:14 PM GMT","Jamie","Warnock","jamie.e.warnock@gmail.com","My Safe Campus - Mobile app to create a safe space for women to report sexual assault attacks and statistical mapping and updating of existing rape data ","7","I saw this email was sent to us all","Yes",""
"2016/10/13 2:00:46 AM GMT","Yuki","Kuroshima","k.yuuki3327@gmail.com","UPD Caller: This android app will send a text message to University Police Department including location information (latitude and longitude) by simply pressing one button. ","5","Naoki Tokunaga,
Ragnhild Marie Holen,
Momoka Takahashi,
Henry Rutherford
We are all from San Jose State University.","Yes",""
"2016/10/15 5:04:30 PM GMT","Momoka","Takahashi","highbridge918@gmail.com","UPD caller","5","Yuki Kuroshima, Naoki Tokunaga, Marie Holen, Henry Trollinger","Yes","I would like you to share the pictures you took in the hackathon."