"Timestamp","Username","Are you interested in being a mentor for the series that starts on 3/15/2017  and ends on 5/17/2017 in Mountain View?","Week 1 (03/15): Array","Week 2 (03/22): Strings","Week 3 (03/29): Linked Lists","Week 4 (04/05): Stacks, Queues","Week 5 (04/26): Binary Trees, Binary Search Trees","Week 6 (05/03): Dynamic Programming","Week 7 (05/10): Graphs","Week 8 (05/17): Review-thon (set of 1-1 mock interviews)","If you have any questions or thoughts to share - this is your time :)"
"2017/03/08 8:11:32 PM GMT","pdey@ncsu.edu","Yes","Yes","Maybe","Maybe","No","No","Yes","","No","GREAT"
"2017/03/08 9:16:33 PM GMT","gorbachenko.valentyna@gmail.com","Yes","Yes","Yes","Yes","Yes","Yes","Yes","Yes","Yes",""
"2017/03/08 10:58:34 PM GMT","najafi.mahshid@gmail.com","Yes","No","Yes","Yes","Yes","Maybe","Maybe","Maybe","Maybe",""
"2017/03/08 11:00:34 PM GMT","snehal.patil@gmail.com","Yes","Maybe","Maybe","Maybe","","","","","",""
"2017/03/08 11:15:16 PM GMT","tataver@gmail.com","Yes","No","No","Yes","Yes","Yes","Yes","Yes","Yes",""
"2017/03/08 11:22:56 PM GMT","suprita.shankar@gmail.com","Yes","Yes","Maybe","Yes","No","Maybe","","","No",""
"2017/03/09 1:33:50 AM GMT","purves@warp.org","Yes","Yes","No","No","Maybe","Yes","Yes","Yes","Yes","Thank you for putting in the effort to set up another meetup series"
"2017/03/09 1:43:58 AM GMT","vinaypai88@gmail.com","Yes","Yes","Yes","Yes","Yes","Yes","Yes","Yes","Yes",""
"2017/03/09 4:13:21 AM GMT","anjumercian85@gmail.com","Yes","Yes","Yes","Yes","Yes","Yes","Yes","Yes","Yes",""
"2017/03/09 3:46:50 PM GMT","mlpalii@gmail.com","Yes","No","Yes","Yes","Yes","Maybe","Maybe","Maybe","No",""
"2017/03/09 6:05:24 PM GMT","anil.daiict@gmail.com","Yes","Yes","Yes","Yes","Yes","Maybe","Maybe","Maybe","Maybe",""
"2017/03/09 7:07:04 PM GMT","asadhoo@fb.com","Yes","Yes","Yes","Yes","Yes","Maybe","Maybe","Maybe","Maybe",""
"2017/03/12 8:14:30 PM GMT","priyankamudiganti@gmail.com","No","Yes","Yes","Yes","Yes","Yes","Yes","Yes","Yes",""
"2017/03/13 7:40:12 PM GMT","gafm@google.com","Yes","Yes","Yes","Yes","No","No","No","No","No",""
"2017/03/13 10:18:39 PM GMT","vorobya@google.com","Yes","Yes","Yes","Yes","Yes","Yes","Yes","Yes","Yes",""
"2017/03/14 12:36:07 AM GMT","andreq@fb.com","Yes","Yes","Yes","No","Yes","No","Yes","Yes","Maybe",""
"2017/03/14 10:29:51 AM GMT","stlouis_c@yahoo.com","Yes","Yes","Yes","Yes","Yes","Maybe","Yes","Maybe","Yes",""
"2017/03/14 6:53:33 PM GMT","tdduan@gmail.com","Yes","Yes","Yes","Yes","Yes","","","","",""
"2017/03/18 2:05:10 PM GMT","syedfaisalkarim@fb.com","Yes","","Yes","Yes","Yes","Yes","Yes","Yes","Yes",""
"2017/03/18 7:12:30 PM GMT","ir.smith@sbcglobal.net","Yes","","","","","","Yes","Yes","Yes",""