"Timestamp","Approximate # of sessions attended:","The main reason I attended these meetup was:","Which sessions were most helpful for you?","Comments","How actively are you looking for a job?","What resources do you use to prepare for technical interviews? (please, check it or name some examples )","Comments:","I feel more confident in technical interview:","We are constantly looking for mentors and volunteers. Please, check if you:","If checked any of mentors/volunteers options above, please leave an email, so we may reach you:","Do you have any kind words or feedback we can share with mentors?","Any other overall comments or feedback for next time?"
"2016/11/10 6:44:31 PM GMT","4","prepare for interviews","Week 4: Stacks, Queues;Week 6: Dynamic Programming;Week 7: Graphs;Week 8: Review-thon","All sessions were helpful","Just started (did nothing yet or 1-2 phone screens)","Meetup;Contest sites;1:1 mock interview","","","","","thanks much for offering your time to help us","Everything is perfect, from location, to food, to mentorship, content, sessions"
"2016/11/10 6:47:47 PM GMT","6","interview prep, build confidence, get ideas on how to approach coding interviews","Week 2: Strings;Week 3: Linked Lists;Week 7: Graphs","","Actively looking (had hr phone screen talk, had a tech screen talk, had an onsite tech talk)","Contest sites;Book","","","would like to help with other Women Who Code - Silicon Valley meetups","mraghavan@gmail.com","Thank you for taking the time to coach us!","Please have  groups of 3 max. With groups of 4 all don't get a chance at the board"
"2016/11/10 6:50:00 PM GMT","","","","","Actively looking (had hr phone screen talk, had a tech screen talk, had an onsite tech talk)","Meetup;Book","","","would like to help with other Women Who Code - Silicon Valley meetups","qfhum@gmail.com","This meetup was really helpful, I learned a lot from my mentors",""
"2016/11/10 6:51:03 PM GMT","3","I am preparing for an interview","","","Just started (did nothing yet or 1-2 phone screens)","Meetup;Contest sites;Book;1:1 mock interview;Fb group “WomenWhoCodeSiliconValley” (https://www.facebook.com/groups/womenwhocodesiliconvalley/)","","","would like to come as a mentor for Interview Prep series;would like to help as a volunteer for Interview Prep series","su.stella@gmail.com","",""
"2016/11/10 6:52:36 PM GMT","2","to prepare for interviews","Week 6: Dynamic Programming;Week 8: Review-thon","","Actively looking (had hr phone screen talk, had a tech screen talk, had an onsite tech talk)","Book","","","would like to come as a mentor for Interview Prep series;would like to help as a volunteer for Interview Prep series;would like to help with other Women Who Code - Silicon Valley meetups","promila3@gmail.com","",""
"2016/11/10 6:53:22 PM GMT","7 (All of them)","job search","Week 1: Arrays;Week 2: Strings;Week 3: Linked Lists;Week 4: Stacks, Queues;Week 5: Binary Trees, BST;Week 7: Graphs;Week 8: Review-thon","","Actively looking (had hr phone screen talk, had a tech screen talk, had an onsite tech talk)","","","","","","",""
"2016/11/10 6:59:30 PM GMT","5","i needed to get prepared for the outsite interview and get my first experience with whiteboards","Week 5: Binary Trees, BST;Week 6: Dynamic Programming","","Just started (did nothing yet or 1-2 phone screens)","Meetup;Contest sites;Fb group “WomenWhoCodeSiliconValley” (https://www.facebook.com/groups/womenwhocodesiliconvalley/)","","","would like to come as a mentor for Interview Prep series;would like to help as a volunteer for Interview Prep series;would like to help with other Women Who Code - Silicon Valley meetups","ollyajoke@gmail.com, m.b. later after landed a job","This is one of most useful and helpful meetups I have attended! your preparation for each meetup is  incredible amount of work and i absolutely appreciate it! Thank you for your time!","Maybe there is a way to sort people in advance (so you can have presorted groups) or smth"
"2016/11/10 7:02:00 PM GMT","6","to practice solving interview questions on a whiteboard","Week 2: Strings;Week 4: Stacks, Queues;Week 5: Binary Trees, BST;Week 6: Dynamic Programming;Week 7: Graphs;Week 8: Review-thon","","Actively looking (had hr phone screen talk, had a tech screen talk, had an onsite tech talk)","Meetup;Contest sites;Book","","","would like to help as a volunteer for Interview Prep series;would like to help with other Women Who Code - Silicon Valley meetups","valerianka@ml.com","Big thanks to mentors. It helped me a lot to become more confident and practice solving on whiteboard and thinking aloud.",""
"2016/11/10 7:03:33 PM GMT","5","to prepare for interview","Week 3: Linked Lists","Linked List. I were asked to write code on whiteboard for the first time and realized how hard it ;)","Just started (did nothing yet or 1-2 phone screens)","Meetup;Contest sites;Book","","","","","Very helpful!",""
"2016/11/13 7:00:13 PM GMT","","interview preparation, get more used to whiteboard, help with controlling nervousness","Week 4: Stacks, Queues;Week 5: Binary Trees, BST;Week 6: Dynamic Programming;Week 7: Graphs;Week 8: Review-thon","","Actively looking (had hr phone screen talk, had a tech screen talk, had an onsite tech talk)","Meetup;Contest sites;Book;1:1 mock interview;Slack channel","","","would like to come as a mentor for Interview Prep series;would like to help as a volunteer for Interview Prep series;would like to help with other Women Who Code - Silicon Valley meetups","anjumercian85@gmail.com","If links on the info regarding the session is shared will be helpful, like when we have linked list session, a pre-reading can be shared","This is an awesome and a very helpful group. Keep me on track and help with whiteboarding"
"2016/11/13 7:05:50 PM GMT","7 (All of them)","preparing for an interview","","Enjoy all sessions, but one-one session was the most helpful","Actively looking (had hr phone screen talk, had a tech screen talk, had an onsite tech talk)","Meetup;Contest sites;1:1 mock interview","pramp.com","","would like to help as a volunteer for Interview Prep series;would like to help with other Women Who Code - Silicon Valley meetups","janebarilova@gmail.com","I want to say a ""Big thank you"" for all mentors. This is so wonderful and most helpful meetup! It helps me a lot in my job search. A few years ago it was impossible for me to solve some interview problems, and now because of this event and mentors I finally get them. ","I am looking forward to meet all this hardworking and smart women again and solve some problems together!"
"2016/11/13 7:08:02 PM GMT","","Preparation for interview. Lear techniques of whiteboarding","Week 1: Arrays;Week 2: Strings;Week 7: Graphs","This topics I know more throughly","Just started (did nothing yet or 1-2 phone screens)","Meetup;Contest sites;Book","","","","","This meetup is awesome. Helped me a lot to brush up my programming skills","You did great job! Keep the same format!"
"2016/11/13 7:10:10 PM GMT","4","Brush up data structures basics","Week 5: Binary Trees, BST;Week 6: Dynamic Programming","Learn some trics to solve problems fast","Passive interest","Meetup;Contest sites","","","would like to help as a volunteer for Interview Prep series","ps.puspi@gmail.com","Awesome meetup. We need more than Spring/Fall sessions",""
"2016/11/13 7:13:14 PM GMT","7 (All of them)","Interview Prep","Week 1: Arrays;Week 2: Strings;Week 3: Linked Lists;Week 4: Stacks, Queues;Week 5: Binary Trees, BST;Week 6: Dynamic Programming;Week 7: Graphs;Week 8: Review-thon","","Actively looking (had hr phone screen talk, had a tech screen talk, had an onsite tech talk)","Contest sites;Book;1:1 mock interview;Fb group “WomenWhoCodeSiliconValley” (https://www.facebook.com/groups/womenwhocodesiliconvalley/)","","","would like to come as a mentor for Interview Prep series;would like to help as a volunteer for Interview Prep series","najafi.mahshid@gmail.com","Everything is great. Keep up the good job","Just instead of giving questions for level at very first, why not sent them before, and ask people to send a solution to know the real level and people get ready"
"2016/11/26 7:32:52 PM GMT","2","Interview Prep","","","Passive interest","Meetup;Contest sites;Book;Fb group “WomenWhoCodeSiliconValley” (https://www.facebook.com/groups/womenwhocodesiliconvalley/)","","","would like to help as a volunteer for Interview Prep series;would like to help with other Women Who Code - Silicon Valley meetups","Preeti.kota@gmail.com","Thank you for your time. You are awesome.",""
"2016/11/26 7:35:50 PM GMT","8 (All of them)","Learn new and use new skills","Week 1: Arrays;Week 2: Strings;Week 3: Linked Lists;Week 4: Stacks, Queues;Week 5: Binary Trees, BST;Week 6: Dynamic Programming;Week 7: Graphs;Week 8: Review-thon","I am new in technology","Actively looking (had hr phone screen talk, had a tech screen talk, had an onsite tech talk)","Meetup;Contest sites;Book","","","would like to help with other Women Who Code - Silicon Valley meetups","gulshatrsh@gmail.com","",""
"2016/11/26 7:37:11 PM GMT","3","Get prepared for upcoming interviews","","All","Just started (did nothing yet or 1-2 phone screens)","Coding practice websites","","","","","",""
"2016/11/26 7:45:04 PM GMT","","to practice interviewing in a real interfview like setting & get feedback & tips from mentors","Week 1: Arrays;Week 2: Strings;Week 6: Dynamic Programming;Week 7: Graphs;Week 8: Review-thon","The initial few meetups helped me get over my anxiousness in whiteboarding. The last few meetups in advanced topics gave me directions about where to continue learning them next.","Just started (did nothing yet or 1-2 phone screens)","Meetup;Book;Fb group “WomenWhoCodeSiliconValley” (https://www.facebook.com/groups/womenwhocodesiliconvalley/)","""Introduction to Algorithms "" by Cormen;  ""Data Structures and Algorithms in Java"" by Goodrich","","would like to come as a mentor for Interview Prep series","dvy.sardana@gmail.com","I appreciate the time taken out by mentors each week to guide us. I can't thank them enough.","Keep up the good work!"
"2016/11/26 10:30:40 PM GMT","5","To get ready for job interviews.","Week 3: Linked Lists;Week 4: Stacks, Queues;Week 5: Binary Trees, BST;Week 7: Graphs","","Actively looking (had hr phone screen talk, had a tech screen talk, had an onsite tech talk)","Meetup;Contest sites;Book;Fb group “WomenWhoCodeSiliconValley” (https://www.facebook.com/groups/womenwhocodesiliconvalley/);Slack channel","","3","would like to come as a mentor for Interview Prep series;would like to help as a volunteer for Interview Prep series;would like to help with other Women Who Code - Silicon Valley meetups","saininidhi15@gmail.com","","Love to have meet up in all the quarters."
"2016/11/28 6:20:46 AM GMT","6","I am actively looking for job","Week 2: Strings;Week 4: Stacks, Queues;Week 5: Binary Trees, BST;Week 6: Dynamic Programming;Week 7: Graphs;Week 8: Review-thon","","Actively looking (had hr phone screen talk, had a tech screen talk, had an onsite tech talk)","Meetup;Book;Fb group “WomenWhoCodeSiliconValley” (https://www.facebook.com/groups/womenwhocodesiliconvalley/);Slack channel","","4","would like to come as a mentor for Interview Prep series;would like to help as a volunteer for Interview Prep series;would like to help with other Women Who Code - Silicon Valley meetups","rajalaxmi.angadi@gmail.com","You all were just Awesome, keep up the good work. ","Please keep these kinds of session up and running so that many many women benefit from this."
"2016/11/28 5:20:18 PM GMT","7","To improve my problem solving skills","Week 1: Arrays;Week 2: Strings;Week 3: Linked Lists;Week 4: Stacks, Queues;Week 5: Binary Trees, BST;Week 6: Dynamic Programming;Week 8: Review-thon","","Actively looking (had hr phone screen talk, had a tech screen talk, had an onsite tech talk)","Meetup;Contest sites;Slack channel","","","would like to come as a mentor for Interview Prep series","","Thank you","A big thank you for hosting this meetup for women"
"2016/11/28 5:22:21 PM GMT","4","To practice whiteboartding skills, to see the level of anxiety and level of my skills","Week 3: Linked Lists;Week 8: Review-thon","","Just started (did nothing yet or 1-2 phone screens)","Meetup;Contest sites;Book;1:1 mock interview","","","would like to help as a volunteer for Interview Prep series","gorbachenko.valentyna@gmail.com","Huge thanks for your great job and support","Links to the each topic to prepare"
"2016/11/28 5:25:13 PM GMT","","Looking for software developer job","","Attend only the last meetup","Actively looking (had hr phone screen talk, had a tech screen talk, had an onsite tech talk)","Meetup;Contest sites;Book","","","would like to help with other Women Who Code - Silicon Valley meetups","lucy.qiao214@gmail.com","",""
"2016/11/28 5:27:10 PM GMT","","Interview Prep","Week 3: Linked Lists;Week 4: Stacks, Queues;Week 5: Binary Trees, BST","","Passive interest","Meetup;Contest sites","","","","","Mentors are simply great! Sometimes, we didn't write entire code because of time limit","May be 45 mins sessions instead of 30 mins"
"2016/11/28 5:30:07 PM GMT","","To gain experience solving problems and interviewing","Week 6: Dynamic Programming;Week 7: Graphs","I had more knowledge about other sessions than I had about the two I  mentioned","Passive interest","Contest sites","","","","scientia.ssp@gmail.com","Thank you very much for everything you did for us!",""
"2016/11/28 5:33:45 PM GMT","","Looking for job opportunities","Week 4: Stacks, Queues;Week 6: Dynamic Programming","","Actively looking (had hr phone screen talk, had a tech screen talk, had an onsite tech talk)","Contest sites;Book","","","would like to come as a mentor for Interview Prep series;would like to help as a volunteer for Interview Prep series;would like to help with other Women Who Code - Silicon Valley meetups","agarwal.mudita@gmail.com","Mentors are great and provide awesome inputs","Having 2 mentors instead of 3, as sometimes the question is incomplete and time is over"
"2016/11/28 5:36:15 PM GMT","","I am preparing for interviews","Week 6: Dynamic Programming","","Actively looking (had hr phone screen talk, had a tech screen talk, had an onsite tech talk)","Contest sites;Book;1:1 mock interview","","","would like to help as a volunteer for Interview Prep series","asmitadutta33@gmail.com","Mentors are great and help a lot with questions or any other doubts.",""
"2016/11/28 5:37:52 PM GMT","6","","","All sessions were very helpful","Just started (did nothing yet or 1-2 phone screens)","Meetup;Contest sites","","","","","Mentors are really great, they helped to understand problem and solutions, very useful and interesting tasks","Be more punctual to open RSVP ;)"
"2016/11/28 5:41:46 PM GMT","4","To have some kind of pressure to study and also meet studying buddies","Week 5: Binary Trees, BST;Week 6: Dynamic Programming;Week 7: Graphs;Week 8: Review-thon","All helpful, wished I had atrend from the beginning","Passive interest","Meetup;Contest sites;Book","""The Algorithm Design Manual"" by Skiena","","","","","May be more meeting room per group since the big room gets crowded and loud"